sitter,date
Nonna,2026-09-19
Mom&Dad,2026-10-01
Mom&Dad,2026-10-03
Mom&Dad,2026-10-04
Mom&Dad,2026-10-10
Mom&Dad,2026-10-11
Grandma,2026-10-14
Gigi,2026-10-15
Nonna,2026-10-16
Mom&Dad,2026-10-17
Mom&Dad,2026-10-18
Nonna,2026-10-19
Grandpa,2026-10-20
Grandma,2026-10-21
Gigi,2026-10-22
Gigi,2026-10-23
Mom&Dad,2026-10-24
Nonna,2026-10-24
Mom&Dad,2026-10-25
Nonna,2026-10-26
Grandpa,2026-10-27
Grandma,2026-10-28
Gigi,2026-10-29
Nonna,2026-10-30
Mom&Dad,2026-10-31
Nonna,2026-11-02
Grandpa,2026-11-03
Grandma,2026-11-04
Gigi,2026-11-05
Grandma,2026-11-05
